"Well","Day","Read","Hour","RFU","R_Concentration","Treatment","unique_well"
"microplate label","Day into experiemnt","Time read at","Hour into Experiment","Relative fluorescence units","Phosphate : 0.5,1,2,4,6,8,10,20,35,50, 0","Algae or Blank","microplate label_Hour into Experiment_Phosphate : 0.5,1,2,4,6,8,10,20,35,50, 0"
"A1","1.0","0.0625","0.0","1562.0","0.0","Blank","A1_0.0_0.0"
"A2","1.0","0.0625","0.0","2424.0","0.0","Blank","A2_0.0_0.0"
"A3","1.0","0.0625","0.0","2817.0","0.0","Blank","A3_0.0_0.0"
"A4","1.0","0.0625","0.0","2832.0","0.0","Blank","A4_0.0_0.0"
"A5","1.0","0.0625","0.0","2707.0","0.0","Blank","A5_0.0_0.0"
"A6","1.0","0.0625","0.0","2733.0","0.0","Blank","A6_0.0_0.0"
"A7","1.0","0.0625","0.0","3414.0","0.0","Blank","A7_0.0_0.0"
"A8","1.0","0.0625","0.0","3031.0","0.0","Blank","A8_0.0_0.0"
"A9","1.0","0.0625","0.0","2689.0","0.0","Blank","A9_0.0_0.0"
"A10","1.0","0.0625","0.0","2353.0","0.0","Blank","A10_0.0_0.0"
"A11","1.0","0.0625","0.0","2668.0","0.0","Blank","A11_0.0_0.0"
"A12","1.0","0.0625","0.0","3880.0","0.0","Blank","A12_0.0_0.0"
"B1","1.0","0.0625","0.0","1943.0","0.0","Blank","B1_0.0_0.0"
"B2","1.0","0.0625","0.0","2591.0","0.5","Scenedesmus","B2_0.0_0.5"
"B3","1.0","0.0625","0.0","3516.0","1.0","Scenedesmus","B3_0.0_1.0"
"B4","1.0","0.0625","0.0","4832.0","2.0","Scenedesmus","B4_0.0_2.0"
"B5","1.0","0.0625","0.0","4434.0","4.0","Scenedesmus","B5_0.0_4.0"
"B6","1.0","0.0625","0.0","3993.0","6.0","Scenedesmus","B6_0.0_6.0"
"B7","1.0","0.0625","0.0","3690.0","8.0","Scenedesmus","B7_0.0_8.0"
"B8","1.0","0.0625","0.0","4587.0","10.0","Scenedesmus","B8_0.0_10.0"
"B9","1.0","0.0625","0.0","4116.0","20.0","Scenedesmus","B9_0.0_20.0"
"B10","1.0","0.0625","0.0","4461.0","35.0","Scenedesmus","B10_0.0_35.0"
"B11","1.0","0.0625","0.0","4745.0","50.0","Scenedesmus","B11_0.0_50.0"
"B12","1.0","0.0625","0.0","3616.0","0.0","Blank","B12_0.0_0.0"
"C1","1.0","0.0625","0.0","1791.0","0.0","Blank","C1_0.0_0.0"
"C2","1.0","0.0625","0.0","2958.0","0.5","Scenedesmus","C2_0.0_0.5"
"C3","1.0","0.0625","0.0","3195.0","1.0","Scenedesmus","C3_0.0_1.0"
"C4","1.0","0.0625","0.0","4363.0","2.0","Scenedesmus","C4_0.0_2.0"
"C5","1.0","0.0625","0.0","3656.0","4.0","Scenedesmus","C5_0.0_4.0"
"C6","1.0","0.0625","0.0","4010.0","6.0","Scenedesmus","C6_0.0_6.0"
"C7","1.0","0.0625","0.0","2865.0","8.0","Scenedesmus","C7_0.0_8.0"
"C8","1.0","0.0625","0.0","3735.0","10.0","Scenedesmus","C8_0.0_10.0"
"C9","1.0","0.0625","0.0","3880.0","20.0","Scenedesmus","C9_0.0_20.0"
"C10","1.0","0.0625","0.0","3214.0","35.0","Scenedesmus","C10_0.0_35.0"
"C11","1.0","0.0625","0.0","4816.0","50.0","Scenedesmus","C11_0.0_50.0"
"C12","1.0","0.0625","0.0","3286.0","0.0","Blank","C12_0.0_0.0"
"D1","1.0","0.0625","0.0","2066.0","0.0","Blank","D1_0.0_0.0"
"D2","1.0","0.0625","0.0","2886.0","0.5","Scenedesmus","D2_0.0_0.5"
"D3","1.0","0.0625","0.0","3298.0","1.0","Scenedesmus","D3_0.0_1.0"
"D4","1.0","0.0625","0.0","4101.0","2.0","Scenedesmus","D4_0.0_2.0"
"D5","1.0","0.0625","0.0","2843.0","4.0","Scenedesmus","D5_0.0_4.0"
"D6","1.0","0.0625","0.0","4507.0","6.0","Scenedesmus","D6_0.0_6.0"
"D7","1.0","0.0625","0.0","3266.0","8.0","Scenedesmus","D7_0.0_8.0"
"D8","1.0","0.0625","0.0","2624.0","10.0","Scenedesmus","D8_0.0_10.0"
"D9","1.0","0.0625","0.0","2553.0","20.0","Scenedesmus","D9_0.0_20.0"
"D10","1.0","0.0625","0.0","3763.0","35.0","Scenedesmus","D10_0.0_35.0"
"D11","1.0","0.0625","0.0","3311.0","50.0","Scenedesmus","D11_0.0_50.0"
"D12","1.0","0.0625","0.0","4112.0","0.0","Blank","D12_0.0_0.0"
"E1","1.0","0.0625","0.0","1892.0","0.0","Blank","E1_0.0_0.0"
"E2","1.0","0.0625","0.0","2141.0","0.5","Scenedesmus","E2_0.0_0.5"
"E3","1.0","0.0625","0.0","2841.0","1.0","Scenedesmus","E3_0.0_1.0"
"E4","1.0","0.0625","0.0","4140.0","2.0","Scenedesmus","E4_0.0_2.0"
"E5","1.0","0.0625","0.0","2974.0","4.0","Scenedesmus","E5_0.0_4.0"
"E6","1.0","0.0625","0.0","4151.0","6.0","Scenedesmus","E6_0.0_6.0"
"E7","1.0","0.0625","0.0","4064.0","8.0","Scenedesmus","E7_0.0_8.0"
"E8","1.0","0.0625","0.0","2698.0","10.0","Scenedesmus","E8_0.0_10.0"
"E9","1.0","0.0625","0.0","4164.0","20.0","Scenedesmus","E9_0.0_20.0"
"E10","1.0","0.0625","0.0","4763.0","35.0","Scenedesmus","E10_0.0_35.0"
"E11","1.0","0.0625","0.0","3747.0","50.0","Scenedesmus","E11_0.0_50.0"
"E12","1.0","0.0625","0.0","4203.0","0.0","Blank","E12_0.0_0.0"
"F1","1.0","0.0625","0.0","1884.0","0.0","Blank","F1_0.0_0.0"
"F2","1.0","0.0625","0.0","2526.0","0.5","Scenedesmus","F2_0.0_0.5"
"F3","1.0","0.0625","0.0","2622.0","1.0","Scenedesmus","F3_0.0_1.0"
"F4","1.0","0.0625","0.0","2440.0","2.0","Scenedesmus","F4_0.0_2.0"
"F5","1.0","0.0625","0.0","2117.0","4.0","Scenedesmus","F5_0.0_4.0"
"F6","1.0","0.0625","0.0","1848.0","6.0","Scenedesmus","F6_0.0_6.0"
"F7","1.0","0.0625","0.0","2233.0","8.0","Scenedesmus","F7_0.0_8.0"
"F8","1.0","0.0625","0.0","2441.0","10.0","Scenedesmus","F8_0.0_10.0"
"F9","1.0","0.0625","0.0","2483.0","20.0","Scenedesmus","F9_0.0_20.0"
"F10","1.0","0.0625","0.0","3022.0","35.0","Scenedesmus","F10_0.0_35.0"
"F11","1.0","0.0625","0.0","2812.0","50.0","Scenedesmus","F11_0.0_50.0"
"F12","1.0","0.0625","0.0","1804.0","0.0","Blank","F12_0.0_0.0"
"G1","1.0","0.0625","0.0","3120.0","0.0","Blank","G1_0.0_0.0"
"G2","1.0","0.0625","0.0","2986.0","0.5","Scenedesmus","G2_0.0_0.5"
"G3","1.0","0.0625","0.0","3496.0","1.0","Scenedesmus","G3_0.0_1.0"
"G4","1.0","0.0625","0.0","2976.0","2.0","Scenedesmus","G4_0.0_2.0"
"G5","1.0","0.0625","0.0","4293.0","4.0","Scenedesmus","G5_0.0_4.0"
"G6","1.0","0.0625","0.0","2990.0","6.0","Scenedesmus","G6_0.0_6.0"
"G7","1.0","0.0625","0.0","2533.0","8.0","Scenedesmus","G7_0.0_8.0"
"G8","1.0","0.0625","0.0","2280.0","10.0","Scenedesmus","G8_0.0_10.0"
"G9","1.0","0.0625","0.0","2180.0","20.0","Scenedesmus","G9_0.0_20.0"
"G10","1.0","0.0625","0.0","3507.0","35.0","Scenedesmus","G10_0.0_35.0"
"G11","1.0","0.0625","0.0","3386.0","50.0","Scenedesmus","G11_0.0_50.0"
"G12","1.0","0.0625","0.0","4582.0","0.0","Blank","G12_0.0_0.0"
"H1","1.0","0.0625","0.0","2090.0","0.0","Blank","H1_0.0_0.0"
"H2","1.0","0.0625","0.0","2415.0","0.0","Blank","H2_0.0_0.0"
"H3","1.0","0.0625","0.0","2774.0","0.0","Blank","H3_0.0_0.0"
"H4","1.0","0.0625","0.0","2792.0","0.0","Blank","H4_0.0_0.0"
"H5","1.0","0.0625","0.0","1846.0","0.0","Blank","H5_0.0_0.0"
"H6","1.0","0.0625","0.0","1528.0","0.0","Blank","H6_0.0_0.0"
"H7","1.0","0.0625","0.0","3372.0","0.0","Blank","H7_0.0_0.0"
"H8","1.0","0.0625","0.0","2994.0","0.0","Blank","H8_0.0_0.0"
"H9","1.0","0.0625","0.0","3351.0","0.0","Blank","H9_0.0_0.0"
"H10","1.0","0.0625","0.0","2631.0","0.0","Blank","H10_0.0_0.0"
"H11","1.0","0.0625","0.0","3686.0","0.0","Blank","H11_0.0_0.0"
"H12","1.0","0.0625","0.0","4105.0","0.0","Blank","H12_0.0_0.0"
NA,NA,NA,NA,NA,NA,NA,"NA_NA_NA"
"A1","2.0","0.375","7.5","838.0","0.0","Blank","A1_7.5_0.0"
"A2","2.0","0.375","7.5","1301.0","0.0","Blank","A2_7.5_0.0"
"A3","2.0","0.375","7.5","1326.0","0.0","Blank","A3_7.5_0.0"
"A4","2.0","0.375","7.5","1674.0","0.0","Blank","A4_7.5_0.0"
"A5","2.0","0.375","7.5","1523.0","0.0","Blank","A5_7.5_0.0"
"A6","2.0","0.375","7.5","1626.0","0.0","Blank","A6_7.5_0.0"
"A7","2.0","0.375","7.5","1724.0","0.0","Blank","A7_7.5_0.0"
"A8","2.0","0.375","7.5","1381.0","0.0","Blank","A8_7.5_0.0"
"A9","2.0","0.375","7.5","1586.0","0.0","Blank","A9_7.5_0.0"
"A10","2.0","0.375","7.5","1552.0","0.0","Blank","A10_7.5_0.0"
"A11","2.0","0.375","7.5","1058.0","0.0","Blank","A11_7.5_0.0"
"A12","2.0","0.375","7.5","1394.0","0.0","Blank","A12_7.5_0.0"
"B1","2.0","0.375","7.5","1539.0","0.0","Blank","B1_7.5_0.0"
"B2","2.0","0.375","7.5","1871.0","0.5","Scenedesmus","B2_7.5_0.5"
"B3","2.0","0.375","7.5","2377.0","1.0","Scenedesmus","B3_7.5_1.0"
"B4","2.0","0.375","7.5","2873.0","2.0","Scenedesmus","B4_7.5_2.0"
"B5","2.0","0.375","7.5","2426.0","4.0","Scenedesmus","B5_7.5_4.0"
"B6","2.0","0.375","7.5","2335.0","6.0","Scenedesmus","B6_7.5_6.0"
"B7","2.0","0.375","7.5","2051.0","8.0","Scenedesmus","B7_7.5_8.0"
"B8","2.0","0.375","7.5","2603.0","10.0","Scenedesmus","B8_7.5_10.0"
"B9","2.0","0.375","7.5","2083.0","20.0","Scenedesmus","B9_7.5_20.0"
"B10","2.0","0.375","7.5","2399.0","35.0","Scenedesmus","B10_7.5_35.0"
"B11","2.0","0.375","7.5","2246.0","50.0","Scenedesmus","B11_7.5_50.0"
"B12","2.0","0.375","7.5","1302.0","0.0","Blank","B12_7.5_0.0"
"C1","2.0","0.375","7.5","1238.0","0.0","Blank","C1_7.5_0.0"
"C2","2.0","0.375","7.5","1805.0","0.5","Scenedesmus","C2_7.5_0.5"
"C3","2.0","0.375","7.5","2221.0","1.0","Scenedesmus","C3_7.5_1.0"
"C4","2.0","0.375","7.5","2816.0","2.0","Scenedesmus","C4_7.5_2.0"
"C5","2.0","0.375","7.5","2280.0","4.0","Scenedesmus","C5_7.5_4.0"
"C6","2.0","0.375","7.5","2532.0","6.0","Scenedesmus","C6_7.5_6.0"
"C7","2.0","0.375","7.5","1930.0","8.0","Scenedesmus","C7_7.5_8.0"
"C8","2.0","0.375","7.5","2301.0","10.0","Scenedesmus","C8_7.5_10.0"
"C9","2.0","0.375","7.5","2101.0","20.0","Scenedesmus","C9_7.5_20.0"
"C10","2.0","0.375","7.5","2347.0","35.0","Scenedesmus","C10_7.5_35.0"
"C11","2.0","0.375","7.5","2534.0","50.0","Scenedesmus","C11_7.5_50.0"
"C12","2.0","0.375","7.5","1464.0","0.0","Blank","C12_7.5_0.0"
"D1","2.0","0.375","7.5","1482.0","0.0","Blank","D1_7.5_0.0"
"D2","2.0","0.375","7.5","1878.0","0.5","Scenedesmus","D2_7.5_0.5"
"D3","2.0","0.375","7.5","2003.0","1.0","Scenedesmus","D3_7.5_1.0"
"D4","2.0","0.375","7.5","2501.0","2.0","Scenedesmus","D4_7.5_2.0"
"D5","2.0","0.375","7.5","2128.0","4.0","Scenedesmus","D5_7.5_4.0"
"D6","2.0","0.375","7.5","2414.0","6.0","Scenedesmus","D6_7.5_6.0"
"D7","2.0","0.375","7.5","2079.0","8.0","Scenedesmus","D7_7.5_8.0"
"D8","2.0","0.375","7.5","2389.0","10.0","Scenedesmus","D8_7.5_10.0"
"D9","2.0","0.375","7.5","2216.0","20.0","Scenedesmus","D9_7.5_20.0"
"D10","2.0","0.375","7.5","2427.0","35.0","Scenedesmus","D10_7.5_35.0"
"D11","2.0","0.375","7.5","2842.0","50.0","Scenedesmus","D11_7.5_50.0"
"D12","2.0","0.375","7.5","1371.0","0.0","Blank","D12_7.5_0.0"
"E1","2.0","0.375","7.5","1288.0","0.0","Blank","E1_7.5_0.0"
"E2","2.0","0.375","7.5","2130.0","0.5","Scenedesmus","E2_7.5_0.5"
"E3","2.0","0.375","7.5","2543.0","1.0","Scenedesmus","E3_7.5_1.0"
"E4","2.0","0.375","7.5","2357.0","2.0","Scenedesmus","E4_7.5_2.0"
"E5","2.0","0.375","7.5","2098.0","4.0","Scenedesmus","E5_7.5_4.0"
"E6","2.0","0.375","7.5","2309.0","6.0","Scenedesmus","E6_7.5_6.0"
"E7","2.0","0.375","7.5","2174.0","8.0","Scenedesmus","E7_7.5_8.0"
"E8","2.0","0.375","7.5","1958.0","10.0","Scenedesmus","E8_7.5_10.0"
"E9","2.0","0.375","7.5","1860.0","20.0","Scenedesmus","E9_7.5_20.0"
"E10","2.0","0.375","7.5","2649.0","35.0","Scenedesmus","E10_7.5_35.0"
"E11","2.0","0.375","7.5","2783.0","50.0","Scenedesmus","E11_7.5_50.0"
"E12","2.0","0.375","7.5","1713.0","0.0","Blank","E12_7.5_0.0"
"F1","2.0","0.375","7.5","1500.0","0.0","Blank","F1_7.5_0.0"
"F2","2.0","0.375","7.5","1644.0","0.5","Scenedesmus","F2_7.5_0.5"
"F3","2.0","0.375","7.5","2326.0","1.0","Scenedesmus","F3_7.5_1.0"
"F4","2.0","0.375","7.5","2278.0","2.0","Scenedesmus","F4_7.5_2.0"
"F5","2.0","0.375","7.5","2172.0","4.0","Scenedesmus","F5_7.5_4.0"
"F6","2.0","0.375","7.5","1632.0","6.0","Scenedesmus","F6_7.5_6.0"
"F7","2.0","0.375","7.5","1972.0","8.0","Scenedesmus","F7_7.5_8.0"
"F8","2.0","0.375","7.5","1708.0","10.0","Scenedesmus","F8_7.5_10.0"
"F9","2.0","0.375","7.5","2462.0","20.0","Scenedesmus","F9_7.5_20.0"
"F10","2.0","0.375","7.5","2304.0","35.0","Scenedesmus","F10_7.5_35.0"
"F11","2.0","0.375","7.5","2519.0","50.0","Scenedesmus","F11_7.5_50.0"
"F12","2.0","0.375","7.5","1499.0","0.0","Blank","F12_7.5_0.0"
"G1","2.0","0.375","7.5","1592.0","0.0","Blank","G1_7.5_0.0"
"G2","2.0","0.375","7.5","2122.0","0.5","Scenedesmus","G2_7.5_0.5"
"G3","2.0","0.375","7.5","2105.0","1.0","Scenedesmus","G3_7.5_1.0"
"G4","2.0","0.375","7.5","1892.0","2.0","Scenedesmus","G4_7.5_2.0"
"G5","2.0","0.375","7.5","2532.0","4.0","Scenedesmus","G5_7.5_4.0"
"G6","2.0","0.375","7.5","2392.0","6.0","Scenedesmus","G6_7.5_6.0"
"G7","2.0","0.375","7.5","1725.0","8.0","Scenedesmus","G7_7.5_8.0"
"G8","2.0","0.375","7.5","2040.0","10.0","Scenedesmus","G8_7.5_10.0"
"G9","2.0","0.375","7.5","1764.0","20.0","Scenedesmus","G9_7.5_20.0"
"G10","2.0","0.375","7.5","2252.0","35.0","Scenedesmus","G10_7.5_35.0"
"G11","2.0","0.375","7.5","2428.0","50.0","Scenedesmus","G11_7.5_50.0"
"G12","2.0","0.375","7.5","1954.0","0.0","Blank","G12_7.5_0.0"
"H1","2.0","0.375","7.5","1427.0","0.0","Blank","H1_7.5_0.0"
"H2","2.0","0.375","7.5","1370.0","0.0","Blank","H2_7.5_0.0"
"H3","2.0","0.375","7.5","1367.0","0.0","Blank","H3_7.5_0.0"
"H4","2.0","0.375","7.5","1372.0","0.0","Blank","H4_7.5_0.0"
"H5","2.0","0.375","7.5","984.0","0.0","Blank","H5_7.5_0.0"
"H6","2.0","0.375","7.5","832.0","0.0","Blank","H6_7.5_0.0"
"H7","2.0","0.375","7.5","1768.0","0.0","Blank","H7_7.5_0.0"
"H8","2.0","0.375","7.5","1516.0","0.0","Blank","H8_7.5_0.0"
"H9","2.0","0.375","7.5","1482.0","0.0","Blank","H9_7.5_0.0"
"H10","2.0","0.375","7.5","1381.0","0.0","Blank","H10_7.5_0.0"
"H11","2.0","0.375","7.5","1722.0","0.0","Blank","H11_7.5_0.0"
"H12","2.0","0.375","7.5","2147.0","0.0","Blank","H12_7.5_0.0"
NA,NA,NA,NA,NA,NA,NA,"NA_NA_NA"
"A1","2.0","0.5208333333333334","24.0","1083.0","0.0","Blank","A1_24.0_0.0"
"A2","2.0","0.5208333333333334","24.0","1141.0","0.0","Blank","A2_24.0_0.0"
"A3","2.0","0.5208333333333334","24.0","1309.0","0.0","Blank","A3_24.0_0.0"
"A4","2.0","0.5208333333333334","24.0","1267.0","0.0","Blank","A4_24.0_0.0"
"A5","2.0","0.5208333333333334","24.0","1530.0","0.0","Blank","A5_24.0_0.0"
"A6","2.0","0.5208333333333334","24.0","1193.0","0.0","Blank","A6_24.0_0.0"
"A7","2.0","0.5208333333333334","24.0","1443.0","0.0","Blank","A7_24.0_0.0"
"A8","2.0","0.5208333333333334","24.0","1328.0","0.0","Blank","A8_24.0_0.0"
"A9","2.0","0.5208333333333334","24.0","1188.0","0.0","Blank","A9_24.0_0.0"
"A10","2.0","0.5208333333333334","24.0","1287.0","0.0","Blank","A10_24.0_0.0"
"A11","2.0","0.5208333333333334","24.0","1435.0","0.0","Blank","A11_24.0_0.0"
"A12","2.0","0.5208333333333334","24.0","1538.0","0.0","Blank","A12_24.0_0.0"
"B1","2.0","0.5208333333333334","24.0","1178.0","0.0","Blank","B1_24.0_0.0"
"B2","2.0","0.5208333333333334","24.0","1227.0","0.5","Scenedesmus","B2_24.0_0.5"
"B3","2.0","0.5208333333333334","24.0","1995.0","1.0","Scenedesmus","B3_24.0_1.0"
"B4","2.0","0.5208333333333334","24.0","2111.0","2.0","Scenedesmus","B4_24.0_2.0"
"B5","2.0","0.5208333333333334","24.0","1720.0","4.0","Scenedesmus","B5_24.0_4.0"
"B6","2.0","0.5208333333333334","24.0","1886.0","6.0","Scenedesmus","B6_24.0_6.0"
"B7","2.0","0.5208333333333334","24.0","1640.0","8.0","Scenedesmus","B7_24.0_8.0"
"B8","2.0","0.5208333333333334","24.0","1976.0","10.0","Scenedesmus","B8_24.0_10.0"
"B9","2.0","0.5208333333333334","24.0","1979.0","20.0","Scenedesmus","B9_24.0_20.0"
"B10","2.0","0.5208333333333334","24.0","2202.0","35.0","Scenedesmus","B10_24.0_35.0"
"B11","2.0","0.5208333333333334","24.0","2128.0","50.0","Scenedesmus","B11_24.0_50.0"
"B12","2.0","0.5208333333333334","24.0","1412.0","0.0","Blank","B12_24.0_0.0"
"C1","2.0","0.5208333333333334","24.0","1254.0","0.0","Blank","C1_24.0_0.0"
"C2","2.0","0.5208333333333334","24.0","1163.0","0.5","Scenedesmus","C2_24.0_0.5"
"C3","2.0","0.5208333333333334","24.0","1988.0","1.0","Scenedesmus","C3_24.0_1.0"
"C4","2.0","0.5208333333333334","24.0","2439.0","2.0","Scenedesmus","C4_24.0_2.0"
"C5","2.0","0.5208333333333334","24.0","1820.0","4.0","Scenedesmus","C5_24.0_4.0"
"C6","2.0","0.5208333333333334","24.0","2213.0","6.0","Scenedesmus","C6_24.0_6.0"
"C7","2.0","0.5208333333333334","24.0","1972.0","8.0","Scenedesmus","C7_24.0_8.0"
"C8","2.0","0.5208333333333334","24.0","2124.0","10.0","Scenedesmus","C8_24.0_10.0"
"C9","2.0","0.5208333333333334","24.0","1877.0","20.0","Scenedesmus","C9_24.0_20.0"
"C10","2.0","0.5208333333333334","24.0","1794.0","35.0","Scenedesmus","C10_24.0_35.0"
"C11","2.0","0.5208333333333334","24.0","2136.0","50.0","Scenedesmus","C11_24.0_50.0"
"C12","2.0","0.5208333333333334","24.0","1213.0","0.0","Blank","C12_24.0_0.0"
"D1","2.0","0.5208333333333334","24.0","1206.0","0.0","Blank","D1_24.0_0.0"
"D2","2.0","0.5208333333333334","24.0","1456.0","0.5","Scenedesmus","D2_24.0_0.5"
"D3","2.0","0.5208333333333334","24.0","1886.0","1.0","Scenedesmus","D3_24.0_1.0"
"D4","2.0","0.5208333333333334","24.0","2363.0","2.0","Scenedesmus","D4_24.0_2.0"
"D5","2.0","0.5208333333333334","24.0","1963.0","4.0","Scenedesmus","D5_24.0_4.0"
"D6","2.0","0.5208333333333334","24.0","1924.0","6.0","Scenedesmus","D6_24.0_6.0"
"D7","2.0","0.5208333333333334","24.0","1485.0","8.0","Scenedesmus","D7_24.0_8.0"
"D8","2.0","0.5208333333333334","24.0","2080.0","10.0","Scenedesmus","D8_24.0_10.0"
"D9","2.0","0.5208333333333334","24.0","1857.0","20.0","Scenedesmus","D9_24.0_20.0"
"D10","2.0","0.5208333333333334","24.0","2091.0","35.0","Scenedesmus","D10_24.0_35.0"
"D11","2.0","0.5208333333333334","24.0","2084.0","50.0","Scenedesmus","D11_24.0_50.0"
"D12","2.0","0.5208333333333334","24.0","1366.0","0.0","Blank","D12_24.0_0.0"
"E1","2.0","0.5208333333333334","24.0","1137.0","0.0","Blank","E1_24.0_0.0"
"E2","2.0","0.5208333333333334","24.0","1480.0","0.5","Scenedesmus","E2_24.0_0.5"
"E3","2.0","0.5208333333333334","24.0","2078.0","1.0","Scenedesmus","E3_24.0_1.0"
"E4","2.0","0.5208333333333334","24.0","2222.0","2.0","Scenedesmus","E4_24.0_2.0"
"E5","2.0","0.5208333333333334","24.0","1676.0","4.0","Scenedesmus","E5_24.0_4.0"
"E6","2.0","0.5208333333333334","24.0","2040.0","6.0","Scenedesmus","E6_24.0_6.0"
"E7","2.0","0.5208333333333334","24.0","2326.0","8.0","Scenedesmus","E7_24.0_8.0"
"E8","2.0","0.5208333333333334","24.0","1635.0","10.0","Scenedesmus","E8_24.0_10.0"
"E9","2.0","0.5208333333333334","24.0","1759.0","20.0","Scenedesmus","E9_24.0_20.0"
"E10","2.0","0.5208333333333334","24.0","2004.0","35.0","Scenedesmus","E10_24.0_35.0"
"E11","2.0","0.5208333333333334","24.0","1660.0","50.0","Scenedesmus","E11_24.0_50.0"
"E12","2.0","0.5208333333333334","24.0","1601.0","0.0","Blank","E12_24.0_0.0"
"F1","2.0","0.5208333333333334","24.0","1330.0","0.0","Blank","F1_24.0_0.0"
"F2","2.0","0.5208333333333334","24.0","1220.0","0.5","Scenedesmus","F2_24.0_0.5"
"F3","2.0","0.5208333333333334","24.0","1670.0","1.0","Scenedesmus","F3_24.0_1.0"
"F4","2.0","0.5208333333333334","24.0","2319.0","2.0","Scenedesmus","F4_24.0_2.0"
"F5","2.0","0.5208333333333334","24.0","1688.0","4.0","Scenedesmus","F5_24.0_4.0"
"F6","2.0","0.5208333333333334","24.0","1917.0","6.0","Scenedesmus","F6_24.0_6.0"
"F7","2.0","0.5208333333333334","24.0","1709.0","8.0","Scenedesmus","F7_24.0_8.0"
"F8","2.0","0.5208333333333334","24.0","1895.0","10.0","Scenedesmus","F8_24.0_10.0"
"F9","2.0","0.5208333333333334","24.0","1868.0","20.0","Scenedesmus","F9_24.0_20.0"
"F10","2.0","0.5208333333333334","24.0","1810.0","35.0","Scenedesmus","F10_24.0_35.0"
"F11","2.0","0.5208333333333334","24.0","2036.0","50.0","Scenedesmus","F11_24.0_50.0"
"F12","2.0","0.5208333333333334","24.0","1273.0","0.0","Blank","F12_24.0_0.0"
"G1","2.0","0.5208333333333334","24.0","1274.0","0.0","Blank","G1_24.0_0.0"
"G2","2.0","0.5208333333333334","24.0","1765.0","0.5","Scenedesmus","G2_24.0_0.5"
"G3","2.0","0.5208333333333334","24.0","1776.0","1.0","Scenedesmus","G3_24.0_1.0"
"G4","2.0","0.5208333333333334","24.0","1988.0","2.0","Scenedesmus","G4_24.0_2.0"
"G5","2.0","0.5208333333333334","24.0","2163.0","4.0","Scenedesmus","G5_24.0_4.0"
"G6","2.0","0.5208333333333334","24.0","1852.0","6.0","Scenedesmus","G6_24.0_6.0"
"G7","2.0","0.5208333333333334","24.0","1778.0","8.0","Scenedesmus","G7_24.0_8.0"
"G8","2.0","0.5208333333333334","24.0","1845.0","10.0","Scenedesmus","G8_24.0_10.0"
"G9","2.0","0.5208333333333334","24.0","1903.0","20.0","Scenedesmus","G9_24.0_20.0"
"G10","2.0","0.5208333333333334","24.0","2198.0","35.0","Scenedesmus","G10_24.0_35.0"
"G11","2.0","0.5208333333333334","24.0","1930.0","50.0","Scenedesmus","G11_24.0_50.0"
"G12","2.0","0.5208333333333334","24.0","1553.0","0.0","Blank","G12_24.0_0.0"
"H1","2.0","0.5208333333333334","24.0","1326.0","0.0","Blank","H1_24.0_0.0"
"H2","2.0","0.5208333333333334","24.0","1247.0","0.0","Blank","H2_24.0_0.0"
"H3","2.0","0.5208333333333334","24.0","1486.0","0.0","Blank","H3_24.0_0.0"
"H4","2.0","0.5208333333333334","24.0","1542.0","0.0","Blank","H4_24.0_0.0"
"H5","2.0","0.5208333333333334","24.0","1162.0","0.0","Blank","H5_24.0_0.0"
"H6","2.0","0.5208333333333334","24.0","1049.0","0.0","Blank","H6_24.0_0.0"
"H7","2.0","0.5208333333333334","24.0","1505.0","0.0","Blank","H7_24.0_0.0"
"H8","2.0","0.5208333333333334","24.0","1361.0","0.0","Blank","H8_24.0_0.0"
"H9","2.0","0.5208333333333334","24.0","1275.0","0.0","Blank","H9_24.0_0.0"
"H10","2.0","0.5208333333333334","24.0","1114.0","0.0","Blank","H10_24.0_0.0"
"H11","2.0","0.5208333333333334","24.0","1305.0","0.0","Blank","H11_24.0_0.0"
"H12","2.0","0.5208333333333334","24.0","1669.0","0.0","Blank","H12_24.0_0.0"
NA,NA,NA,NA,NA,NA,NA,"NA_NA_NA"
"A1","2.0","0.375","32.5","1170.0","0.0","Blank","A1_32.5_0.0"
"A2","2.0","0.375","32.5","1247.0","0.0","Blank","A2_32.5_0.0"
"A3","2.0","0.375","32.5","1285.0","0.0","Blank","A3_32.5_0.0"
"A4","2.0","0.375","32.5","1224.0","0.0","Blank","A4_32.5_0.0"
"A5","2.0","0.375","32.5","1264.0","0.0","Blank","A5_32.5_0.0"
"A6","2.0","0.375","32.5","1666.0","0.0","Blank","A6_32.5_0.0"
"A7","2.0","0.375","32.5","1351.0","0.0","Blank","A7_32.5_0.0"
"A8","2.0","0.375","32.5","1380.0","0.0","Blank","A8_32.5_0.0"
"A9","2.0","0.375","32.5","1098.0","0.0","Blank","A9_32.5_0.0"
"A10","2.0","0.375","32.5","1135.0","0.0","Blank","A10_32.5_0.0"
"A11","2.0","0.375","32.5","1312.0","0.0","Blank","A11_32.5_0.0"
"A12","2.0","0.375","32.5","1636.0","0.0","Blank","A12_32.5_0.0"
"B1","2.0","0.375","32.5","1434.0","0.0","Blank","B1_32.5_0.0"
"B2","2.0","0.375","32.5","1896.0","0.5","Scenedesmus","B2_32.5_0.5"
"B3","2.0","0.375","32.5","2743.0","1.0","Scenedesmus","B3_32.5_1.0"
"B4","2.0","0.375","32.5","2902.0","2.0","Scenedesmus","B4_32.5_2.0"
"B5","2.0","0.375","32.5","2635.0","4.0","Scenedesmus","B5_32.5_4.0"
"B6","2.0","0.375","32.5","2973.0","6.0","Scenedesmus","B6_32.5_6.0"
"B7","2.0","0.375","32.5","2590.0","8.0","Scenedesmus","B7_32.5_8.0"
"B8","2.0","0.375","32.5","2484.0","10.0","Scenedesmus","B8_32.5_10.0"
"B9","2.0","0.375","32.5","2595.0","20.0","Scenedesmus","B9_32.5_20.0"
"B10","2.0","0.375","32.5","3227.0","35.0","Scenedesmus","B10_32.5_35.0"
"B11","2.0","0.375","32.5","2908.0","50.0","Scenedesmus","B11_32.5_50.0"
"B12","2.0","0.375","32.5","1073.0","0.0","Blank","B12_32.5_0.0"
"C1","2.0","0.375","32.5","872.0","0.0","Blank","C1_32.5_0.0"
"C2","2.0","0.375","32.5","2034.0","0.5","Scenedesmus","C2_32.5_0.5"
"C3","2.0","0.375","32.5","2614.0","1.0","Scenedesmus","C3_32.5_1.0"
"C4","2.0","0.375","32.5","3647.0","2.0","Scenedesmus","C4_32.5_2.0"
"C5","2.0","0.375","32.5","2655.0","4.0","Scenedesmus","C5_32.5_4.0"
"C6","2.0","0.375","32.5","2732.0","6.0","Scenedesmus","C6_32.5_6.0"
"C7","2.0","0.375","32.5","2636.0","8.0","Scenedesmus","C7_32.5_8.0"
"C8","2.0","0.375","32.5","2849.0","10.0","Scenedesmus","C8_32.5_10.0"
"C9","2.0","0.375","32.5","2476.0","20.0","Scenedesmus","C9_32.5_20.0"
"C10","2.0","0.375","32.5","2694.0","35.0","Scenedesmus","C10_32.5_35.0"
"C11","2.0","0.375","32.5","3294.0","50.0","Scenedesmus","C11_32.5_50.0"
"C12","2.0","0.375","32.5","1036.0","0.0","Blank","C12_32.5_0.0"
"D1","2.0","0.375","32.5","1063.0","0.0","Blank","D1_32.5_0.0"
"D2","2.0","0.375","32.5","2281.0","0.5","Scenedesmus","D2_32.5_0.5"
"D3","2.0","0.375","32.5","3822.0","1.0","Scenedesmus","D3_32.5_1.0"
"D4","2.0","0.375","32.5","3365.0","2.0","Scenedesmus","D4_32.5_2.0"
"D5","2.0","0.375","32.5","3013.0","4.0","Scenedesmus","D5_32.5_4.0"
"D6","2.0","0.375","32.5","3600.0","6.0","Scenedesmus","D6_32.5_6.0"
"D7","2.0","0.375","32.5","2662.0","8.0","Scenedesmus","D7_32.5_8.0"
"D8","2.0","0.375","32.5","2665.0","10.0","Scenedesmus","D8_32.5_10.0"
"D9","2.0","0.375","32.5","2620.0","20.0","Scenedesmus","D9_32.5_20.0"
"D10","2.0","0.375","32.5","2962.0","35.0","Scenedesmus","D10_32.5_35.0"
"D11","2.0","0.375","32.5","3035.0","50.0","Scenedesmus","D11_32.5_50.0"
"D12","2.0","0.375","32.5","1541.0","0.0","Blank","D12_32.5_0.0"
"E1","2.0","0.375","32.5","1372.0","0.0","Blank","E1_32.5_0.0"
"E2","2.0","0.375","32.5","2866.0","0.5","Scenedesmus","E2_32.5_0.5"
"E3","2.0","0.375","32.5","2989.0","1.0","Scenedesmus","E3_32.5_1.0"
"E4","2.0","0.375","32.5","3597.0","2.0","Scenedesmus","E4_32.5_2.0"
"E5","2.0","0.375","32.5","2944.0","4.0","Scenedesmus","E5_32.5_4.0"
"E6","2.0","0.375","32.5","3374.0","6.0","Scenedesmus","E6_32.5_6.0"
"E7","2.0","0.375","32.5","2748.0","8.0","Scenedesmus","E7_32.5_8.0"
"E8","2.0","0.375","32.5","2492.0","10.0","Scenedesmus","E8_32.5_10.0"
"E9","2.0","0.375","32.5","2770.0","20.0","Scenedesmus","E9_32.5_20.0"
"E10","2.0","0.375","32.5","2875.0","35.0","Scenedesmus","E10_32.5_35.0"
"E11","2.0","0.375","32.5","2992.0","50.0","Scenedesmus","E11_32.5_50.0"
"E12","2.0","0.375","32.5","1291.0","0.0","Blank","E12_32.5_0.0"
"F1","2.0","0.375","32.5","1117.0","0.0","Blank","F1_32.5_0.0"
"F2","2.0","0.375","32.5","2376.0","0.5","Scenedesmus","F2_32.5_0.5"
"F3","2.0","0.375","32.5","2922.0","1.0","Scenedesmus","F3_32.5_1.0"
"F4","2.0","0.375","32.5","3698.0","2.0","Scenedesmus","F4_32.5_2.0"
"F5","2.0","0.375","32.5","2860.0","4.0","Scenedesmus","F5_32.5_4.0"
"F6","2.0","0.375","32.5","2823.0","6.0","Scenedesmus","F6_32.5_6.0"
"F7","2.0","0.375","32.5","2781.0","8.0","Scenedesmus","F7_32.5_8.0"
"F8","2.0","0.375","32.5","2382.0","10.0","Scenedesmus","F8_32.5_10.0"
"F9","2.0","0.375","32.5","3146.0","20.0","Scenedesmus","F9_32.5_20.0"
"F10","2.0","0.375","32.5","3154.0","35.0","Scenedesmus","F10_32.5_35.0"
"F11","2.0","0.375","32.5","2872.0","50.0","Scenedesmus","F11_32.5_50.0"
"F12","2.0","0.375","32.5","1155.0","0.0","Blank","F12_32.5_0.0"
"G1","2.0","0.375","32.5","1383.0","0.0","Blank","G1_32.5_0.0"
"G2","2.0","0.375","32.5","3332.0","0.5","Scenedesmus","G2_32.5_0.5"
"G3","2.0","0.375","32.5","2547.0","1.0","Scenedesmus","G3_32.5_1.0"
"G4","2.0","0.375","32.5","3736.0","2.0","Scenedesmus","G4_32.5_2.0"
"G5","2.0","0.375","32.5","3516.0","4.0","Scenedesmus","G5_32.5_4.0"
"G6","2.0","0.375","32.5","3102.0","6.0","Scenedesmus","G6_32.5_6.0"
"G7","2.0","0.375","32.5","1953.0","8.0","Scenedesmus","G7_32.5_8.0"
"G8","2.0","0.375","32.5","2589.0","10.0","Scenedesmus","G8_32.5_10.0"
"G9","2.0","0.375","32.5","2516.0","20.0","Scenedesmus","G9_32.5_20.0"
"G10","2.0","0.375","32.5","2609.0","35.0","Scenedesmus","G10_32.5_35.0"
"G11","2.0","0.375","32.5","3059.0","50.0","Scenedesmus","G11_32.5_50.0"
"G12","2.0","0.375","32.5","1001.0","0.0","Blank","G12_32.5_0.0"
"H1","2.0","0.375","32.5","1498.0","0.0","Blank","H1_32.5_0.0"
"H2","2.0","0.375","32.5","1314.0","0.0","Blank","H2_32.5_0.0"
"H3","2.0","0.375","32.5","1192.0","0.0","Blank","H3_32.5_0.0"
"H4","2.0","0.375","32.5","1172.0","0.0","Blank","H4_32.5_0.0"
"H5","2.0","0.375","32.5","897.0","0.0","Blank","H5_32.5_0.0"
"H6","2.0","0.375","32.5","1170.0","0.0","Blank","H6_32.5_0.0"
"H7","2.0","0.375","32.5","1527.0","0.0","Blank","H7_32.5_0.0"
"H8","2.0","0.375","32.5","1222.0","0.0","Blank","H8_32.5_0.0"
"H9","2.0","0.375","32.5","1261.0","0.0","Blank","H9_32.5_0.0"
"H10","2.0","0.375","32.5","1179.0","0.0","Blank","H10_32.5_0.0"
"H11","2.0","0.375","32.5","1732.0","0.0","Blank","H11_32.5_0.0"
"H12","2.0","0.375","32.5","1588.0","0.0","Blank","H12_32.5_0.0"
NA,NA,NA,NA,NA,NA,NA,"NA_NA_NA"
"A1","3.0","0.4375","46.0","905.0","0.0","Blank","A1_46.0_0.0"
"A2","3.0","0.4375","46.0","1106.0","0.0","Blank","A2_46.0_0.0"
"A3","3.0","0.4375","46.0","1074.0","0.0","Blank","A3_46.0_0.0"
"A4","3.0","0.4375","46.0","1097.0","0.0","Blank","A4_46.0_0.0"
"A5","3.0","0.4375","46.0","1182.0","0.0","Blank","A5_46.0_0.0"
"A6","3.0","0.4375","46.0","1480.0","0.0","Blank","A6_46.0_0.0"
"A7","3.0","0.4375","46.0","1318.0","0.0","Blank","A7_46.0_0.0"
"A8","3.0","0.4375","46.0","1394.0","0.0","Blank","A8_46.0_0.0"
"A9","3.0","0.4375","46.0","1128.0","0.0","Blank","A9_46.0_0.0"
"A10","3.0","0.4375","46.0","969.0","0.0","Blank","A10_46.0_0.0"
"A11","3.0","0.4375","46.0","1130.0","0.0","Blank","A11_46.0_0.0"
"A12","3.0","0.4375","46.0","1348.0","0.0","Blank","A12_46.0_0.0"
"B1","3.0","0.4375","46.0","833.0","0.0","Blank","B1_46.0_0.0"
"B2","3.0","0.4375","46.0","2231.0","0.5","Scenedesmus","B2_46.0_0.5"
"B3","3.0","0.4375","46.0","2639.0","1.0","Scenedesmus","B3_46.0_1.0"
"B4","3.0","0.4375","46.0","3334.0","2.0","Scenedesmus","B4_46.0_2.0"
"B5","3.0","0.4375","46.0","3004.0","4.0","Scenedesmus","B5_46.0_4.0"
"B6","3.0","0.4375","46.0","3019.0","6.0","Scenedesmus","B6_46.0_6.0"
"B7","3.0","0.4375","46.0","2908.0","8.0","Scenedesmus","B7_46.0_8.0"
"B8","3.0","0.4375","46.0","2863.0","10.0","Scenedesmus","B8_46.0_10.0"
"B9","3.0","0.4375","46.0","2895.0","20.0","Scenedesmus","B9_46.0_20.0"
"B10","3.0","0.4375","46.0","2957.0","35.0","Scenedesmus","B10_46.0_35.0"
"B11","3.0","0.4375","46.0","3129.0","50.0","Scenedesmus","B11_46.0_50.0"
"B12","3.0","0.4375","46.0","1021.0","0.0","Blank","B12_46.0_0.0"
"C1","3.0","0.4375","46.0","994.0","0.0","Blank","C1_46.0_0.0"
"C2","3.0","0.4375","46.0","2399.0","0.5","Scenedesmus","C2_46.0_0.5"
"C3","3.0","0.4375","46.0","2759.0","1.0","Scenedesmus","C3_46.0_1.0"
"C4","3.0","0.4375","46.0","3949.0","2.0","Scenedesmus","C4_46.0_2.0"
"C5","3.0","0.4375","46.0","2741.0","4.0","Scenedesmus","C5_46.0_4.0"
"C6","3.0","0.4375","46.0","2639.0","6.0","Scenedesmus","C6_46.0_6.0"
"C7","3.0","0.4375","46.0","2954.0","8.0","Scenedesmus","C7_46.0_8.0"
"C8","3.0","0.4375","46.0","3174.0","10.0","Scenedesmus","C8_46.0_10.0"
"C9","3.0","0.4375","46.0","2911.0","20.0","Scenedesmus","C9_46.0_20.0"
"C10","3.0","0.4375","46.0","3282.0","35.0","Scenedesmus","C10_46.0_35.0"
"C11","3.0","0.4375","46.0","3025.0","50.0","Scenedesmus","C11_46.0_50.0"
"C12","3.0","0.4375","46.0","1402.0","0.0","Blank","C12_46.0_0.0"
"D1","3.0","0.4375","46.0","922.0","0.0","Blank","D1_46.0_0.0"
"D2","3.0","0.4375","46.0","2450.0","0.5","Scenedesmus","D2_46.0_0.5"
"D3","3.0","0.4375","46.0","4268.0","1.0","Scenedesmus","D3_46.0_1.0"
"D4","3.0","0.4375","46.0","3826.0","2.0","Scenedesmus","D4_46.0_2.0"
"D5","3.0","0.4375","46.0","3051.0","4.0","Scenedesmus","D5_46.0_4.0"
"D6","3.0","0.4375","46.0","2965.0","6.0","Scenedesmus","D6_46.0_6.0"
"D7","3.0","0.4375","46.0","2655.0","8.0","Scenedesmus","D7_46.0_8.0"
"D8","3.0","0.4375","46.0","2699.0","10.0","Scenedesmus","D8_46.0_10.0"
"D9","3.0","0.4375","46.0","2487.0","20.0","Scenedesmus","D9_46.0_20.0"
"D10","3.0","0.4375","46.0","2948.0","35.0","Scenedesmus","D10_46.0_35.0"
"D11","3.0","0.4375","46.0","3034.0","50.0","Scenedesmus","D11_46.0_50.0"
"D12","3.0","0.4375","46.0","1244.0","0.0","Blank","D12_46.0_0.0"
"E1","3.0","0.4375","46.0","1087.0","0.0","Blank","E1_46.0_0.0"
"E2","3.0","0.4375","46.0","4010.0","0.5","Scenedesmus","E2_46.0_0.5"
"E3","3.0","0.4375","46.0","2849.0","1.0","Scenedesmus","E3_46.0_1.0"
"E4","3.0","0.4375","46.0","4194.0","2.0","Scenedesmus","E4_46.0_2.0"
"E5","3.0","0.4375","46.0","3438.0","4.0","Scenedesmus","E5_46.0_4.0"
"E6","3.0","0.4375","46.0","3246.0","6.0","Scenedesmus","E6_46.0_6.0"
"E7","3.0","0.4375","46.0","3216.0","8.0","Scenedesmus","E7_46.0_8.0"
"E8","3.0","0.4375","46.0","2584.0","10.0","Scenedesmus","E8_46.0_10.0"
"E9","3.0","0.4375","46.0","2539.0","20.0","Scenedesmus","E9_46.0_20.0"
"E10","3.0","0.4375","46.0","3385.0","35.0","Scenedesmus","E10_46.0_35.0"
"E11","3.0","0.4375","46.0","3428.0","50.0","Scenedesmus","E11_46.0_50.0"
"E12","3.0","0.4375","46.0","1501.0","0.0","Blank","E12_46.0_0.0"
"F1","3.0","0.4375","46.0","1090.0","0.0","Blank","F1_46.0_0.0"
"F2","3.0","0.4375","46.0","2647.0","0.5","Scenedesmus","F2_46.0_0.5"
"F3","3.0","0.4375","46.0","3014.0","1.0","Scenedesmus","F3_46.0_1.0"
"F4","3.0","0.4375","46.0","4420.0","2.0","Scenedesmus","F4_46.0_2.0"
"F5","3.0","0.4375","46.0","3353.0","4.0","Scenedesmus","F5_46.0_4.0"
"F6","3.0","0.4375","46.0","3226.0","6.0","Scenedesmus","F6_46.0_6.0"
"F7","3.0","0.4375","46.0","3318.0","8.0","Scenedesmus","F7_46.0_8.0"
"F8","3.0","0.4375","46.0","2879.0","10.0","Scenedesmus","F8_46.0_10.0"
"F9","3.0","0.4375","46.0","3070.0","20.0","Scenedesmus","F9_46.0_20.0"
"F10","3.0","0.4375","46.0","2866.0","35.0","Scenedesmus","F10_46.0_35.0"
"F11","3.0","0.4375","46.0","3347.0","50.0","Scenedesmus","F11_46.0_50.0"
"F12","3.0","0.4375","46.0","1397.0","0.0","Blank","F12_46.0_0.0"
"G1","3.0","0.4375","46.0","1197.0","0.0","Blank","G1_46.0_0.0"
"G2","3.0","0.4375","46.0","3771.0","0.5","Scenedesmus","G2_46.0_0.5"
"G3","3.0","0.4375","46.0","3170.0","1.0","Scenedesmus","G3_46.0_1.0"
"G4","3.0","0.4375","46.0","4277.0","2.0","Scenedesmus","G4_46.0_2.0"
"G5","3.0","0.4375","46.0","3546.0","4.0","Scenedesmus","G5_46.0_4.0"
"G6","3.0","0.4375","46.0","3486.0","6.0","Scenedesmus","G6_46.0_6.0"
"G7","3.0","0.4375","46.0","2835.0","8.0","Scenedesmus","G7_46.0_8.0"
"G8","3.0","0.4375","46.0","2967.0","10.0","Scenedesmus","G8_46.0_10.0"
"G9","3.0","0.4375","46.0","3064.0","20.0","Scenedesmus","G9_46.0_20.0"
"G10","3.0","0.4375","46.0","2610.0","35.0","Scenedesmus","G10_46.0_35.0"
"G11","3.0","0.4375","46.0","3561.0","50.0","Scenedesmus","G11_46.0_50.0"
"G12","3.0","0.4375","46.0","1335.0","0.0","Blank","G12_46.0_0.0"
"H1","3.0","0.4375","46.0","967.0","0.0","Blank","H1_46.0_0.0"
"H2","3.0","0.4375","46.0","779.0","0.0","Blank","H2_46.0_0.0"
"H3","3.0","0.4375","46.0","1146.0","0.0","Blank","H3_46.0_0.0"
"H4","3.0","0.4375","46.0","1075.0","0.0","Blank","H4_46.0_0.0"
"H5","3.0","0.4375","46.0","1034.0","0.0","Blank","H5_46.0_0.0"
"H6","3.0","0.4375","46.0","1010.0","0.0","Blank","H6_46.0_0.0"
"H7","3.0","0.4375","46.0","1173.0","0.0","Blank","H7_46.0_0.0"
"H8","3.0","0.4375","46.0","1211.0","0.0","Blank","H8_46.0_0.0"
"H9","3.0","0.4375","46.0","1221.0","0.0","Blank","H9_46.0_0.0"
"H10","3.0","0.4375","46.0","1285.0","0.0","Blank","H10_46.0_0.0"
"H11","3.0","0.4375","46.0","1362.0","0.0","Blank","H11_46.0_0.0"
"H12","3.0","0.4375","46.0","1228.0","0.0","Blank","H12_46.0_0.0"
NA,NA,NA,NA,NA,NA,NA,"NA_NA_NA"
"A1","3.0","0.1875","52.0","1063.0","0.0","Blank","A1_52.0_0.0"
"A2","3.0","0.1875","52.0","981.0","0.0","Blank","A2_52.0_0.0"
"A3","3.0","0.1875","52.0","1347.0","0.0","Blank","A3_52.0_0.0"
"A4","3.0","0.1875","52.0","1326.0","0.0","Blank","A4_52.0_0.0"
"A5","3.0","0.1875","52.0","1284.0","0.0","Blank","A5_52.0_0.0"
"A6","3.0","0.1875","52.0","1282.0","0.0","Blank","A6_52.0_0.0"
"A7","3.0","0.1875","52.0","1370.0","0.0","Blank","A7_52.0_0.0"
"A8","3.0","0.1875","52.0","1592.0","0.0","Blank","A8_52.0_0.0"
"A9","3.0","0.1875","52.0","1158.0","0.0","Blank","A9_52.0_0.0"
"A10","3.0","0.1875","52.0","1170.0","0.0","Blank","A10_52.0_0.0"
"A11","3.0","0.1875","52.0","1314.0","0.0","Blank","A11_52.0_0.0"
"A12","3.0","0.1875","52.0","1248.0","0.0","Blank","A12_52.0_0.0"
"B1","3.0","0.1875","52.0","1167.0","0.0","Blank","B1_52.0_0.0"
"B2","3.0","0.1875","52.0","4211.0","0.5","Scenedesmus","B2_52.0_0.5"
"B3","3.0","0.1875","52.0","5890.0","1.0","Scenedesmus","B3_52.0_1.0"
"B4","3.0","0.1875","52.0","6445.0","2.0","Scenedesmus","B4_52.0_2.0"
"B5","3.0","0.1875","52.0","5402.0","4.0","Scenedesmus","B5_52.0_4.0"
"B6","3.0","0.1875","52.0","5192.0","6.0","Scenedesmus","B6_52.0_6.0"
"B7","3.0","0.1875","52.0","5412.0","8.0","Scenedesmus","B7_52.0_8.0"
"B8","3.0","0.1875","52.0","4576.0","10.0","Scenedesmus","B8_52.0_10.0"
"B9","3.0","0.1875","52.0","4132.0","20.0","Scenedesmus","B9_52.0_20.0"
"B10","3.0","0.1875","52.0","5375.0","35.0","Scenedesmus","B10_52.0_35.0"
"B11","3.0","0.1875","52.0","4462.0","50.0","Scenedesmus","B11_52.0_50.0"
"B12","3.0","0.1875","52.0","1034.0","0.0","Blank","B12_52.0_0.0"
"C1","3.0","0.1875","52.0","887.0","0.0","Blank","C1_52.0_0.0"
"C2","3.0","0.1875","52.0","4392.0","0.5","Scenedesmus","C2_52.0_0.5"
"C3","3.0","0.1875","52.0","5333.0","1.0","Scenedesmus","C3_52.0_1.0"
"C4","3.0","0.1875","52.0","6499.0","2.0","Scenedesmus","C4_52.0_2.0"
"C5","3.0","0.1875","52.0","5791.0","4.0","Scenedesmus","C5_52.0_4.0"
"C6","3.0","0.1875","52.0","5301.0","6.0","Scenedesmus","C6_52.0_6.0"
"C7","3.0","0.1875","52.0","5039.0","8.0","Scenedesmus","C7_52.0_8.0"
"C8","3.0","0.1875","52.0","4740.0","10.0","Scenedesmus","C8_52.0_10.0"
"C9","3.0","0.1875","52.0","4318.0","20.0","Scenedesmus","C9_52.0_20.0"
"C10","3.0","0.1875","52.0","4902.0","35.0","Scenedesmus","C10_52.0_35.0"
"C11","3.0","0.1875","52.0","5460.0","50.0","Scenedesmus","C11_52.0_50.0"
"C12","3.0","0.1875","52.0","1529.0","0.0","Blank","C12_52.0_0.0"
"D1","3.0","0.1875","52.0","1078.0","0.0","Blank","D1_52.0_0.0"
"D2","3.0","0.1875","52.0","4311.0","0.5","Scenedesmus","D2_52.0_0.5"
"D3","3.0","0.1875","52.0","8052.0","1.0","Scenedesmus","D3_52.0_1.0"
"D4","3.0","0.1875","52.0","6961.0","2.0","Scenedesmus","D4_52.0_2.0"
"D5","3.0","0.1875","52.0","5696.0","4.0","Scenedesmus","D5_52.0_4.0"
"D6","3.0","0.1875","52.0","6003.0","6.0","Scenedesmus","D6_52.0_6.0"
"D7","3.0","0.1875","52.0","5009.0","8.0","Scenedesmus","D7_52.0_8.0"
"D8","3.0","0.1875","52.0","5312.0","10.0","Scenedesmus","D8_52.0_10.0"
"D9","3.0","0.1875","52.0","4567.0","20.0","Scenedesmus","D9_52.0_20.0"
"D10","3.0","0.1875","52.0","5453.0","35.0","Scenedesmus","D10_52.0_35.0"
"D11","3.0","0.1875","52.0","5544.0","50.0","Scenedesmus","D11_52.0_50.0"
"D12","3.0","0.1875","52.0","1842.0","0.0","Blank","D12_52.0_0.0"
"E1","3.0","0.1875","52.0","1057.0","0.0","Blank","E1_52.0_0.0"
"E2","3.0","0.1875","52.0","7638.0","0.5","Scenedesmus","E2_52.0_0.5"
"E3","3.0","0.1875","52.0","6795.0","1.0","Scenedesmus","E3_52.0_1.0"
"E4","3.0","0.1875","52.0","7128.0","2.0","Scenedesmus","E4_52.0_2.0"
"E5","3.0","0.1875","52.0","5940.0","4.0","Scenedesmus","E5_52.0_4.0"
"E6","3.0","0.1875","52.0","5518.0","6.0","Scenedesmus","E6_52.0_6.0"
"E7","3.0","0.1875","52.0","5251.0","8.0","Scenedesmus","E7_52.0_8.0"
"E8","3.0","0.1875","52.0","4719.0","10.0","Scenedesmus","E8_52.0_10.0"
"E9","3.0","0.1875","52.0","4299.0","20.0","Scenedesmus","E9_52.0_20.0"
"E10","3.0","0.1875","52.0","4520.0","35.0","Scenedesmus","E10_52.0_35.0"
"E11","3.0","0.1875","52.0","6223.0","50.0","Scenedesmus","E11_52.0_50.0"
"E12","3.0","0.1875","52.0","1756.0","0.0","Blank","E12_52.0_0.0"
"F1","3.0","0.1875","52.0","1061.0","0.0","Blank","F1_52.0_0.0"
"F2","3.0","0.1875","52.0","5502.0","0.5","Scenedesmus","F2_52.0_0.5"
"F3","3.0","0.1875","52.0","6553.0","1.0","Scenedesmus","F3_52.0_1.0"
"F4","3.0","0.1875","52.0","7732.0","2.0","Scenedesmus","F4_52.0_2.0"
"F5","3.0","0.1875","52.0","6127.0","4.0","Scenedesmus","F5_52.0_4.0"
"F6","3.0","0.1875","52.0","6371.0","6.0","Scenedesmus","F6_52.0_6.0"
"F7","3.0","0.1875","52.0","5632.0","8.0","Scenedesmus","F7_52.0_8.0"
"F8","3.0","0.1875","52.0","4692.0","10.0","Scenedesmus","F8_52.0_10.0"
"F9","3.0","0.1875","52.0","5435.0","20.0","Scenedesmus","F9_52.0_20.0"
"F10","3.0","0.1875","52.0","5094.0","35.0","Scenedesmus","F10_52.0_35.0"
"F11","3.0","0.1875","52.0","5860.0","50.0","Scenedesmus","F11_52.0_50.0"
"F12","3.0","0.1875","52.0","1105.0","0.0","Blank","F12_52.0_0.0"
"G1","3.0","0.1875","52.0","1194.0","0.0","Blank","G1_52.0_0.0"
"G2","3.0","0.1875","52.0","7021.0","0.5","Scenedesmus","G2_52.0_0.5"
"G3","3.0","0.1875","52.0","5965.0","1.0","Scenedesmus","G3_52.0_1.0"
"G4","3.0","0.1875","52.0","7002.0","2.0","Scenedesmus","G4_52.0_2.0"
"G5","3.0","0.1875","52.0","6233.0","4.0","Scenedesmus","G5_52.0_4.0"
"G6","3.0","0.1875","52.0","6224.0","6.0","Scenedesmus","G6_52.0_6.0"
"G7","3.0","0.1875","52.0","4364.0","8.0","Scenedesmus","G7_52.0_8.0"
"G8","3.0","0.1875","52.0","5344.0","10.0","Scenedesmus","G8_52.0_10.0"
"G9","3.0","0.1875","52.0","5319.0","20.0","Scenedesmus","G9_52.0_20.0"
"G10","3.0","0.1875","52.0","4768.0","35.0","Scenedesmus","G10_52.0_35.0"
"G11","3.0","0.1875","52.0","5564.0","50.0","Scenedesmus","G11_52.0_50.0"
"G12","3.0","0.1875","52.0","1388.0","0.0","Blank","G12_52.0_0.0"
"H1","3.0","0.1875","52.0","1048.0","0.0","Blank","H1_52.0_0.0"
"H2","3.0","0.1875","52.0","1004.0","0.0","Blank","H2_52.0_0.0"
"H3","3.0","0.1875","52.0","1096.0","0.0","Blank","H3_52.0_0.0"
"H4","3.0","0.1875","52.0","1321.0","0.0","Blank","H4_52.0_0.0"
"H5","3.0","0.1875","52.0","956.0","0.0","Blank","H5_52.0_0.0"
"H6","3.0","0.1875","52.0","1449.0","0.0","Blank","H6_52.0_0.0"
"H7","3.0","0.1875","52.0","1136.0","0.0","Blank","H7_52.0_0.0"
"H8","3.0","0.1875","52.0","1382.0","0.0","Blank","H8_52.0_0.0"
"H9","3.0","0.1875","52.0","1330.0","0.0","Blank","H9_52.0_0.0"
"H10","3.0","0.1875","52.0","1235.0","0.0","Blank","H10_52.0_0.0"
"H11","3.0","0.1875","52.0","1464.0","0.0","Blank","H11_52.0_0.0"
"H12","3.0","0.1875","52.0","1536.0","0.0","Blank","H12_52.0_0.0"
NA,NA,NA,NA,NA,NA,NA,"NA_NA_NA"
"A1","4.0","0.07291666666666667","73.0","1115.0","0.0","Blank","A1_73.0_0.0"
"A2","4.0","0.07291666666666667","73.0","1050.0","0.0","Blank","A2_73.0_0.0"
"A3","4.0","0.07291666666666667","73.0","991.0","0.0","Blank","A3_73.0_0.0"
"A4","4.0","0.07291666666666667","73.0","1154.0","0.0","Blank","A4_73.0_0.0"
"A5","4.0","0.07291666666666667","73.0","1492.0","0.0","Blank","A5_73.0_0.0"
"A6","4.0","0.07291666666666667","73.0","1363.0","0.0","Blank","A6_73.0_0.0"
"A7","4.0","0.07291666666666667","73.0","1314.0","0.0","Blank","A7_73.0_0.0"
"A8","4.0","0.07291666666666667","73.0","1387.0","0.0","Blank","A8_73.0_0.0"
"A9","4.0","0.07291666666666667","73.0","1069.0","0.0","Blank","A9_73.0_0.0"
"A10","4.0","0.07291666666666667","73.0","1302.0","0.0","Blank","A10_73.0_0.0"
"A11","4.0","0.07291666666666667","73.0","1646.0","0.0","Blank","A11_73.0_0.0"
"A12","4.0","0.07291666666666667","73.0","1172.0","0.0","Blank","A12_73.0_0.0"
"B1","4.0","0.07291666666666667","73.0","1189.0","0.0","Blank","B1_73.0_0.0"
"B2","4.0","0.07291666666666667","73.0","9256.0","0.5","Scenedesmus","B2_73.0_0.5"
"B3","4.0","0.07291666666666667","73.0","10597.0","1.0","Scenedesmus","B3_73.0_1.0"
"B4","4.0","0.07291666666666667","73.0","10744.0","2.0","Scenedesmus","B4_73.0_2.0"
"B5","4.0","0.07291666666666667","73.0","9339.0","4.0","Scenedesmus","B5_73.0_4.0"
"B6","4.0","0.07291666666666667","73.0","9066.0","6.0","Scenedesmus","B6_73.0_6.0"
"B7","4.0","0.07291666666666667","73.0","10931.0","8.0","Scenedesmus","B7_73.0_8.0"
"B8","4.0","0.07291666666666667","73.0","8795.0","10.0","Scenedesmus","B8_73.0_10.0"
"B9","4.0","0.07291666666666667","73.0","8069.0","20.0","Scenedesmus","B9_73.0_20.0"
"B10","4.0","0.07291666666666667","73.0","8574.0","35.0","Scenedesmus","B10_73.0_35.0"
"B11","4.0","0.07291666666666667","73.0","7626.0","50.0","Scenedesmus","B11_73.0_50.0"
"B12","4.0","0.07291666666666667","73.0","1202.0","0.0","Blank","B12_73.0_0.0"
"C1","4.0","0.07291666666666667","73.0","1116.0","0.0","Blank","C1_73.0_0.0"
"C2","4.0","0.07291666666666667","73.0","9556.0","0.5","Scenedesmus","C2_73.0_0.5"
"C3","4.0","0.07291666666666667","73.0","10196.0","1.0","Scenedesmus","C3_73.0_1.0"
"C4","4.0","0.07291666666666667","73.0","12589.0","2.0","Scenedesmus","C4_73.0_2.0"
"C5","4.0","0.07291666666666667","73.0","10100.0","4.0","Scenedesmus","C5_73.0_4.0"
"C6","4.0","0.07291666666666667","73.0","9607.0","6.0","Scenedesmus","C6_73.0_6.0"
"C7","4.0","0.07291666666666667","73.0","10404.0","8.0","Scenedesmus","C7_73.0_8.0"
"C8","4.0","0.07291666666666667","73.0","9339.0","10.0","Scenedesmus","C8_73.0_10.0"
"C9","4.0","0.07291666666666667","73.0","7867.0","20.0","Scenedesmus","C9_73.0_20.0"
"C10","4.0","0.07291666666666667","73.0","8403.0","35.0","Scenedesmus","C10_73.0_35.0"
"C11","4.0","0.07291666666666667","73.0","10018.0","50.0","Scenedesmus","C11_73.0_50.0"
"C12","4.0","0.07291666666666667","73.0","1383.0","0.0","Blank","C12_73.0_0.0"
"D1","4.0","0.07291666666666667","73.0","1018.0","0.0","Blank","D1_73.0_0.0"
"D2","4.0","0.07291666666666667","73.0","10188.0","0.5","Scenedesmus","D2_73.0_0.5"
"D3","4.0","0.07291666666666667","73.0","11492.0","1.0","Scenedesmus","D3_73.0_1.0"
"D4","4.0","0.07291666666666667","73.0","13282.0","2.0","Scenedesmus","D4_73.0_2.0"
"D5","4.0","0.07291666666666667","73.0","10282.0","4.0","Scenedesmus","D5_73.0_4.0"
"D6","4.0","0.07291666666666667","73.0","10773.0","6.0","Scenedesmus","D6_73.0_6.0"
"D7","4.0","0.07291666666666667","73.0","9349.0","8.0","Scenedesmus","D7_73.0_8.0"
"D8","4.0","0.07291666666666667","73.0","9536.0","10.0","Scenedesmus","D8_73.0_10.0"
"D9","4.0","0.07291666666666667","73.0","7823.0","20.0","Scenedesmus","D9_73.0_20.0"
"D10","4.0","0.07291666666666667","73.0","8843.0","35.0","Scenedesmus","D10_73.0_35.0"
"D11","4.0","0.07291666666666667","73.0","8444.0","50.0","Scenedesmus","D11_73.0_50.0"
"D12","4.0","0.07291666666666667","73.0","1215.0","0.0","Blank","D12_73.0_0.0"
"E1","4.0","0.07291666666666667","73.0","1000.0","0.0","Blank","E1_73.0_0.0"
"E2","4.0","0.07291666666666667","73.0","11650.0","0.5","Scenedesmus","E2_73.0_0.5"
"E3","4.0","0.07291666666666667","73.0","12440.0","1.0","Scenedesmus","E3_73.0_1.0"
"E4","4.0","0.07291666666666667","73.0","13481.0","2.0","Scenedesmus","E4_73.0_2.0"
"E5","4.0","0.07291666666666667","73.0","10649.0","4.0","Scenedesmus","E5_73.0_4.0"
"E6","4.0","0.07291666666666667","73.0","10383.0","6.0","Scenedesmus","E6_73.0_6.0"
"E7","4.0","0.07291666666666667","73.0","10513.0","8.0","Scenedesmus","E7_73.0_8.0"
"E8","4.0","0.07291666666666667","73.0","7387.0","10.0","Scenedesmus","E8_73.0_10.0"
"E9","4.0","0.07291666666666667","73.0","9008.0","20.0","Scenedesmus","E9_73.0_20.0"
"E10","4.0","0.07291666666666667","73.0","9448.0","35.0","Scenedesmus","E10_73.0_35.0"
"E11","4.0","0.07291666666666667","73.0","9490.0","50.0","Scenedesmus","E11_73.0_50.0"
"E12","4.0","0.07291666666666667","73.0","1312.0","0.0","Blank","E12_73.0_0.0"
"F1","4.0","0.07291666666666667","73.0","1037.0","0.0","Blank","F1_73.0_0.0"
"F2","4.0","0.07291666666666667","73.0","9949.0","0.5","Scenedesmus","F2_73.0_0.5"
"F3","4.0","0.07291666666666667","73.0","11886.0","1.0","Scenedesmus","F3_73.0_1.0"
"F4","4.0","0.07291666666666667","73.0","13919.0","2.0","Scenedesmus","F4_73.0_2.0"
"F5","4.0","0.07291666666666667","73.0","11005.0","4.0","Scenedesmus","F5_73.0_4.0"
"F6","4.0","0.07291666666666667","73.0","10804.0","6.0","Scenedesmus","F6_73.0_6.0"
"F7","4.0","0.07291666666666667","73.0","10203.0","8.0","Scenedesmus","F7_73.0_8.0"
"F8","4.0","0.07291666666666667","73.0","7275.0","10.0","Scenedesmus","F8_73.0_10.0"
"F9","4.0","0.07291666666666667","73.0","8670.0","20.0","Scenedesmus","F9_73.0_20.0"
"F10","4.0","0.07291666666666667","73.0","8457.0","35.0","Scenedesmus","F10_73.0_35.0"
"F11","4.0","0.07291666666666667","73.0","9352.0","50.0","Scenedesmus","F11_73.0_50.0"
"F12","4.0","0.07291666666666667","73.0","1287.0","0.0","Blank","F12_73.0_0.0"
"G1","4.0","0.07291666666666667","73.0","1306.0","0.0","Blank","G1_73.0_0.0"
"G2","4.0","0.07291666666666667","73.0","9597.0","0.5","Scenedesmus","G2_73.0_0.5"
"G3","4.0","0.07291666666666667","73.0","10070.0","1.0","Scenedesmus","G3_73.0_1.0"
"G4","4.0","0.07291666666666667","73.0","13096.0","2.0","Scenedesmus","G4_73.0_2.0"
"G5","4.0","0.07291666666666667","73.0","10505.0","4.0","Scenedesmus","G5_73.0_4.0"
"G6","4.0","0.07291666666666667","73.0","9967.0","6.0","Scenedesmus","G6_73.0_6.0"
"G7","4.0","0.07291666666666667","73.0","9258.0","8.0","Scenedesmus","G7_73.0_8.0"
"G8","4.0","0.07291666666666667","73.0","8674.0","10.0","Scenedesmus","G8_73.0_10.0"
"G9","4.0","0.07291666666666667","73.0","7884.0","20.0","Scenedesmus","G9_73.0_20.0"
"G10","4.0","0.07291666666666667","73.0","8929.0","35.0","Scenedesmus","G10_73.0_35.0"
"G11","4.0","0.07291666666666667","73.0","8926.0","50.0","Scenedesmus","G11_73.0_50.0"
"G12","4.0","0.07291666666666667","73.0","1400.0","0.0","Blank","G12_73.0_0.0"
"H1","4.0","0.07291666666666667","73.0","1146.0","0.0","Blank","H1_73.0_0.0"
"H2","4.0","0.07291666666666667","73.0","1028.0","0.0","Blank","H2_73.0_0.0"
"H3","4.0","0.07291666666666667","73.0","1105.0","0.0","Blank","H3_73.0_0.0"
"H4","4.0","0.07291666666666667","73.0","895.0","0.0","Blank","H4_73.0_0.0"
"H5","4.0","0.07291666666666667","73.0","952.0","0.0","Blank","H5_73.0_0.0"
"H6","4.0","0.07291666666666667","73.0","1228.0","0.0","Blank","H6_73.0_0.0"
"H7","4.0","0.07291666666666667","73.0","1412.0","0.0","Blank","H7_73.0_0.0"
"H8","4.0","0.07291666666666667","73.0","1020.0","0.0","Blank","H8_73.0_0.0"
"H9","4.0","0.07291666666666667","73.0","1099.0","0.0","Blank","H9_73.0_0.0"
"H10","4.0","0.07291666666666667","73.0","1207.0","0.0","Blank","H10_73.0_0.0"
"H11","4.0","0.07291666666666667","73.0","1266.0","0.0","Blank","H11_73.0_0.0"
"H12","4.0","0.07291666666666667","73.0","1490.0","0.0","Blank","H12_73.0_0.0"
